{
  "sizing": {
    "energy_kwh": 126.95290217724438,
    "power_kw": 11.79997698380987,
    "energy_to_power_ratio": 10.758741508685128
  },
  "costs": {
    "energy_cost": 1904293.5326586657,
    "power_cost": 141599.72380571844,
    "total_capital_cost": 2045893.256464384,
    "cost_per_kwh": 15000,
    "cost_per_kw": 12000
  },
  "economics": {
    "npc": 2884020.6879746215,
    "levelized_cost": 144201.03439873108
  },
  "performance": {
    "total_load": 8137.821185555614,
    "total_pv": 11393.631169087726,
    "total_unmet_load": 406.89171699220833,
    "total_curtailed": 3343.8137596463666,
    "lpsp": 0.05000008082193165,
    "renewable_penetration": 0.9891858306901044,
    "self_consumption": 0.7065190447169705,
    "battery_cycles": 23.974367213459075
  },
  "battery_status": {
    "soc": 0.5512655730820629,
    "soc_percent": 55.126557308206294,
    "energy_stored_kwh": 69.80260730726785,
    "current_capacity_kwh": 126.62246785521076,
    "nominal_capacity_kwh": 126.95290217724438,
    "capacity_fade_percent": 0.2602810304976666,
    "total_cycles": 23.974367213459075,
    "age_years": 0.0821917808219178,
    "max_charge_power_kw": 11.79997698380987,
    "max_discharge_power_kw": 11.79997698380987
  }
}